USE MyAccelerator;

INSERT INTO Accounts (login, email) values ("ctm00","ctm00@accelerator.net");
INSERT INTO Accounts (login, email) values ("ctm01","ctm01@accelerator.net");
INSERT INTO Accounts (login, email) values ("ctm02","ctm02@accelerator.net");
INSERT INTO Accounts (login, email) values ("ctm03","ctm03@accelerator.net");
INSERT INTO Accounts (login, email) values ("ctm04","ctm04@accelerator.net");
INSERT INTO Accounts (login, email) values ("ctm05","ctm05@accelerator.net");
INSERT INTO Accounts (login, email) values ("Inv000","Inv000@accelerator.net");
INSERT INTO Accounts (login, email) values ("Inv001","Inv001@accelerator.net");
INSERT INTO Accounts (login, email) values ("Inv002","Inv002@accelerator.net");
INSERT INTO Accounts (login, email) values ("Inv003","Inv003@accelerator.net");
INSERT INTO Accounts (login, email) values ("Inv004","Inv004@accelerator.net");
INSERT INTO Accounts (login, email) values ("Inv005","Inv005@accelerator.net");
INSERT INTO Accounts (login, email) values ("Inv006","Inv006@accelerator.net");
INSERT INTO Accounts (login, email) values ("Inv007","Inv007@accelerator.net");
INSERT INTO Accounts (login, email) values ("Inv008","Inv008@accelerator.net");
INSERT INTO Accounts (login, email) values ("Inv009","Inv009@accelerator.net");
INSERT INTO Accounts (login, email) values ("Inv010","Inv010@accelerator.net");
INSERT INTO Accounts (login, email) values ("Inv011","Inv011@accelerator.net");
INSERT INTO Accounts (login, email) values ("Inv012","Inv012@accelerator.net");
INSERT INTO Accounts (login, email) values ("Inv013","Inv013@accelerator.net");
INSERT INTO Accounts (login, email) values ("Inv014","Inv014@accelerator.net");
INSERT INTO Accounts (login, email) values ("Inv015","Inv015@accelerator.net");
INSERT INTO Accounts (login, email) values ("Inv016","Inv016@accelerator.net");
INSERT INTO Accounts (login, email) values ("Inv017","Inv017@accelerator.net");
INSERT INTO Accounts (login, email) values ("Inv018","Inv018@accelerator.net");
INSERT INTO Accounts (login, email) values ("Inv019","Inv019@accelerator.net");
INSERT INTO Accounts (login, email) values ("Inv020","Inv020@accelerator.net");
INSERT INTO Accounts (login, email) values ("Pat000","Pat000@accelerator.net");
INSERT INTO Accounts (login, email) values ("Pat001","Pat001@accelerator.net");
INSERT INTO Accounts (login, email) values ("Pat002","Pat002@accelerator.net");
INSERT INTO Accounts (login, email) values ("Pat003","Pat003@accelerator.net");
INSERT INTO Accounts (login, email) values ("Pat004","Pat004@accelerator.net");
INSERT INTO Accounts (login, email) values ("Pat005","Pat005@accelerator.net");
INSERT INTO Accounts (login, email) values ("Pat006","Pat006@accelerator.net");
INSERT INTO Accounts (login, email) values ("Pat007","Pat007@accelerator.net");
INSERT INTO Accounts (login, email) values ("Pat008","Pat008@accelerator.net");
INSERT INTO Accounts (login, email) values ("Pat009","Pat009@accelerator.net");
INSERT INTO Accounts (login, email) values ("Pat010","Pat010@accelerator.net");
INSERT INTO Accounts (login, email) values ("Pat011","Pat011@accelerator.net");
INSERT INTO Accounts (login, email) values ("Pat012","Pat012@accelerator.net");
INSERT INTO Accounts (login, email) values ("Pat013","Pat013@accelerator.net");
INSERT INTO Accounts (login, email) values ("Pat014","Pat014@accelerator.net");
INSERT INTO Accounts (login, email) values ("Pat015","Pat015@accelerator.net");
INSERT INTO Accounts (login, email) values ("Pat016","Pat016@accelerator.net");
INSERT INTO Accounts (login, email) values ("Pat017","Pat017@accelerator.net");
INSERT INTO Accounts (login, email) values ("Pat018","Pat018@accelerator.net");
INSERT INTO Accounts (login, email) values ("Pat019","Pat019@accelerator.net");
INSERT INTO Accounts (login, email) values ("Pat020","Pat020@accelerator.net");
INSERT INTO Accounts (login, email) values ("Pat021","Pat021@accelerator.net");
INSERT INTO Accounts (login, email) values ("Pat022","Pat022@accelerator.net");
INSERT INTO Accounts (login, email) values ("Pat023","Pat023@accelerator.net");
INSERT INTO Accounts (login, email) values ("Pat024","Pat024@accelerator.net");
INSERT INTO Accounts (login, email) values ("Pat025","Pat025@accelerator.net");
INSERT INTO Accounts (login, email) values ("Pat026","Pat026@accelerator.net");
INSERT INTO Accounts (login, email) values ("Pat027","Pat027@accelerator.net");
INSERT INTO Accounts (login, email) values ("Pat028","Pat028@accelerator.net");
INSERT INTO Accounts (login, email) values ("Pat029","Pat029@accelerator.net");
INSERT INTO Accounts (login, email) values ("Pat030","Pat030@accelerator.net");
INSERT INTO Accounts (login, email) values ("Pat031","Pat031@accelerator.net");
INSERT INTO Accounts (login, email) values ("Pat032","Pat032@accelerator.net");
INSERT INTO Accounts (login, email) values ("Pat033","Pat033@accelerator.net");
INSERT INTO Accounts (login, email) values ("Pat034","Pat034@accelerator.net");
INSERT INTO Accounts (login, email) values ("Pat035","Pat035@accelerator.net");
INSERT INTO Accounts (login, email) values ("Pat036","Pat036@accelerator.net");
INSERT INTO Accounts (login, email) values ("Pat037","Pat037@accelerator.net");
INSERT INTO Accounts (login, email) values ("Pat038","Pat038@accelerator.net");
INSERT INTO Accounts (login, email) values ("Pat039","Pat039@accelerator.net");
INSERT INTO Accounts (login, email) values ("Pat040","Pat040@accelerator.net");
INSERT INTO Accounts (login, email) values ("Pat041","Pat041@accelerator.net");
INSERT INTO Accounts (login, email) values ("Pat042","Pat042@accelerator.net");
INSERT INTO Accounts (login, email) values ("Pat043","Pat043@accelerator.net");
INSERT INTO Accounts (login, email) values ("Pat044","Pat044@accelerator.net");
INSERT INTO Accounts (login, email) values ("Pat045","Pat045@accelerator.net");
INSERT INTO Accounts (login, email) values ("Pat046","Pat046@accelerator.net");
INSERT INTO Accounts (login, email) values ("Pat047","Pat047@accelerator.net");
INSERT INTO Accounts (login, email) values ("Pat048","Pat048@accelerator.net");
INSERT INTO Accounts (login, email) values ("Pat049","Pat049@accelerator.net");
INSERT INTO Accounts (login, email) values ("Pat050","Pat050@accelerator.net");
INSERT INTO Accounts (login, email) values ("Pat051","Pat051@accelerator.net");
INSERT INTO Accounts (login, email) values ("Pat052","Pat052@accelerator.net");
INSERT INTO Accounts (login, email) values ("Pat053","Pat053@accelerator.net");
INSERT INTO Accounts (login, email) values ("Pat054","Pat054@accelerator.net");
INSERT INTO Accounts (login, email) values ("Pat055","Pat055@accelerator.net");
INSERT INTO Accounts (login, email) values ("Pat056","Pat056@accelerator.net");
INSERT INTO Accounts (login, email) values ("Pat057","Pat057@accelerator.net");
INSERT INTO Accounts (login, email) values ("Pat058","Pat058@accelerator.net");
INSERT INTO Accounts (login, email) values ("Pat059","Pat059@accelerator.net");
INSERT INTO Accounts (login, email) values ("Pat060","Pat060@accelerator.net");
INSERT INTO Accounts (login, email) values ("Pat061","Pat061@accelerator.net");
INSERT INTO Accounts (login, email) values ("Pat062","Pat062@accelerator.net");
INSERT INTO Accounts (login, email) values ("Pat063","Pat063@accelerator.net");
INSERT INTO Accounts (login, email) values ("Pat064","Pat064@accelerator.net");
INSERT INTO Accounts (login, email) values ("Pat065","Pat065@accelerator.net");
INSERT INTO Accounts (login, email) values ("Pat066","Pat066@accelerator.net");
INSERT INTO Accounts (login, email) values ("Pat067","Pat067@accelerator.net");
INSERT INTO Accounts (login, email) values ("Pat068","Pat068@accelerator.net");
INSERT INTO Accounts (login, email) values ("Pat069","Pat069@accelerator.net");
INSERT INTO Accounts (login, email) values ("Pat070","Pat070@accelerator.net");
INSERT INTO Accounts (login, email) values ("Pat071","Pat071@accelerator.net");
INSERT INTO Accounts (login, email) values ("Pat072","Pat072@accelerator.net");
INSERT INTO Accounts (login, email) values ("Pat073","Pat073@accelerator.net");
INSERT INTO Accounts (login, email) values ("Pat074","Pat074@accelerator.net");
INSERT INTO Accounts (login, email) values ("Pat075","Pat075@accelerator.net");
INSERT INTO Accounts (login, email) values ("Pat076","Pat076@accelerator.net");
INSERT INTO Accounts (login, email) values ("Pat077","Pat077@accelerator.net");
INSERT INTO Accounts (login, email) values ("Pat078","Pat078@accelerator.net");
INSERT INTO Accounts (login, email) values ("Pat079","Pat079@accelerator.net");
INSERT INTO Accounts (login, email) values ("Pat080","Pat080@accelerator.net");
INSERT INTO Accounts (login, email) values ("Pat081","Pat081@accelerator.net");
INSERT INTO Accounts (login, email) values ("Pat082","Pat082@accelerator.net");
INSERT INTO Accounts (login, email) values ("Pat083","Pat083@accelerator.net");
INSERT INTO Accounts (login, email) values ("Pat084","Pat084@accelerator.net");
INSERT INTO Accounts (login, email) values ("Pat085","Pat085@accelerator.net");
INSERT INTO Accounts (login, email) values ("Pat086","Pat086@accelerator.net");
INSERT INTO Accounts (login, email) values ("Pat087","Pat087@accelerator.net");
INSERT INTO Accounts (login, email) values ("Pat088","Pat088@accelerator.net");
INSERT INTO Accounts (login, email) values ("Pat089","Pat089@accelerator.net");
INSERT INTO Accounts (login, email) values ("Pat090","Pat090@accelerator.net");
INSERT INTO Accounts (login, email) values ("Pat091","Pat091@accelerator.net");
INSERT INTO Accounts (login, email) values ("Pat092","Pat092@accelerator.net");
INSERT INTO Accounts (login, email) values ("Pat093","Pat093@accelerator.net");
INSERT INTO Accounts (login, email) values ("Pat094","Pat094@accelerator.net");
INSERT INTO Accounts (login, email) values ("Pat095","Pat095@accelerator.net");
INSERT INTO Accounts (login, email) values ("Pat096","Pat096@accelerator.net");
INSERT INTO Accounts (login, email) values ("Pat097","Pat097@accelerator.net");
INSERT INTO Accounts (login, email) values ("Pat098","Pat098@accelerator.net");
INSERT INTO Accounts (login, email) values ("Pat099","Pat099@accelerator.net");
INSERT INTO Accounts (login, email) values ("Pat100","Pat100@accelerator.net");
INSERT INTO Accounts (login, email) values ("Pat101","Pat101@accelerator.net");
INSERT INTO Accounts (login, email) values ("Pat102","Pat102@accelerator.net");
INSERT INTO Accounts (login, email) values ("Pat103","Pat103@accelerator.net");
INSERT INTO Accounts (login, email) values ("Pat104","Pat104@accelerator.net");
INSERT INTO Accounts (login, email) values ("Pat105","Pat105@accelerator.net");
INSERT INTO Accounts (login, email) values ("Pat106","Pat106@accelerator.net");
INSERT INTO Accounts (login, email) values ("Pat107","Pat107@accelerator.net");
INSERT INTO Accounts (login, email) values ("Pat108","Pat108@accelerator.net");
INSERT INTO Accounts (login, email) values ("Pat109","Pat109@accelerator.net");
INSERT INTO Accounts (login, email) values ("Pat110","Pat110@accelerator.net");
INSERT INTO Accounts (login, email) values ("Pat111","Pat111@accelerator.net");
INSERT INTO Accounts (login, email) values ("Pat112","Pat112@accelerator.net");
INSERT INTO Accounts (login, email) values ("Pat113","Pat113@accelerator.net");
INSERT INTO Accounts (login, email) values ("Pat114","Pat114@accelerator.net");
INSERT INTO Accounts (login, email) values ("Pat115","Pat115@accelerator.net");
INSERT INTO Accounts (login, email) values ("Pat116","Pat116@accelerator.net");
INSERT INTO Accounts (login, email) values ("Pat117","Pat117@accelerator.net");
INSERT INTO Accounts (login, email) values ("Pat118","Pat118@accelerator.net");
INSERT INTO Accounts (login, email) values ("Pat119","Pat119@accelerator.net");
INSERT INTO Accounts (login, email) values ("Pat120","Pat120@accelerator.net");
INSERT INTO Accounts (login, email) values ("Pat121","Pat121@accelerator.net");
INSERT INTO Accounts (login, email) values ("Pat122","Pat122@accelerator.net");
INSERT INTO Accounts (login, email) values ("Pat123","Pat123@accelerator.net");
INSERT INTO Accounts (login, email) values ("Pat124","Pat124@accelerator.net");
INSERT INTO Accounts (login, email) values ("Pat125","Pat125@accelerator.net");
INSERT INTO Accounts (login, email) values ("Pat126","Pat126@accelerator.net");
INSERT INTO Accounts (login, email) values ("Pat127","Pat127@accelerator.net");
INSERT INTO Accounts (login, email) values ("Pat128","Pat128@accelerator.net");
INSERT INTO Accounts (login, email) values ("Pat129","Pat129@accelerator.net");
INSERT INTO Accounts (login, email) values ("Pat130","Pat130@accelerator.net");
INSERT INTO Accounts (login, email) values ("Pat131","Pat131@accelerator.net");
INSERT INTO Accounts (login, email) values ("Pat132","Pat132@accelerator.net");
INSERT INTO Accounts (login, email) values ("Pat133","Pat133@accelerator.net");
INSERT INTO Accounts (login, email) values ("Pat134","Pat134@accelerator.net");
INSERT INTO Accounts (login, email) values ("Pat135","Pat135@accelerator.net");
INSERT INTO Accounts (login, email) values ("Pat136","Pat136@accelerator.net");
INSERT INTO Accounts (login, email) values ("Pat137","Pat137@accelerator.net");
INSERT INTO Accounts (login, email) values ("Pat138","Pat138@accelerator.net");
INSERT INTO Accounts (login, email) values ("Pat139","Pat139@accelerator.net");
INSERT INTO Accounts (login, email) values ("Pat140","Pat140@accelerator.net");
INSERT INTO Accounts (login, email) values ("Pat141","Pat141@accelerator.net");
INSERT INTO Accounts (login, email) values ("Pat142","Pat142@accelerator.net");
INSERT INTO Accounts (login, email) values ("Pat143","Pat143@accelerator.net");
INSERT INTO Accounts (login, email) values ("Pat144","Pat144@accelerator.net");
INSERT INTO Accounts (login, email) values ("Pat145","Pat145@accelerator.net");
INSERT INTO Accounts (login, email) values ("Pat146","Pat146@accelerator.net");
INSERT INTO Accounts (login, email) values ("Pat147","Pat147@accelerator.net");
INSERT INTO Accounts (login, email) values ("Pat148","Pat148@accelerator.net");
INSERT INTO Accounts (login, email) values ("Pat149","Pat149@accelerator.net");
INSERT INTO Accounts (login, email) values ("Pat150","Pat150@accelerator.net");
INSERT INTO Accounts (login, email) values ("Pat151","Pat151@accelerator.net");
INSERT INTO Accounts (login, email) values ("Pat152","Pat152@accelerator.net");
INSERT INTO Accounts (login, email) values ("Pat153","Pat153@accelerator.net");
INSERT INTO Accounts (login, email) values ("Pat154","Pat154@accelerator.net");
INSERT INTO Accounts (login, email) values ("Pat155","Pat155@accelerator.net");
INSERT INTO Accounts (login, email) values ("Pat156","Pat156@accelerator.net");
INSERT INTO Accounts (login, email) values ("Pat157","Pat157@accelerator.net");
INSERT INTO Accounts (login, email) values ("Pat158","Pat158@accelerator.net");
INSERT INTO Accounts (login, email) values ("Pat159","Pat159@accelerator.net");
INSERT INTO Accounts (login, email) values ("Pat160","Pat160@accelerator.net");
INSERT INTO Accounts (login, email) values ("Pat161","Pat161@accelerator.net");
INSERT INTO Accounts (login, email) values ("Pat162","Pat162@accelerator.net");
INSERT INTO Accounts (login, email) values ("Pat163","Pat163@accelerator.net");
INSERT INTO Accounts (login, email) values ("Pat164","Pat164@accelerator.net");
INSERT INTO Accounts (login, email) values ("Pat165","Pat165@accelerator.net");
INSERT INTO Accounts (login, email) values ("Pat166","Pat166@accelerator.net");
INSERT INTO Accounts (login, email) values ("Pat167","Pat167@accelerator.net");
INSERT INTO Accounts (login, email) values ("Pat168","Pat168@accelerator.net");
INSERT INTO Accounts (login, email) values ("Pat169","Pat169@accelerator.net");
INSERT INTO Accounts (login, email) values ("Pat170","Pat170@accelerator.net");
INSERT INTO Accounts (login, email) values ("Pat171","Pat171@accelerator.net");
INSERT INTO Accounts (login, email) values ("Pat172","Pat172@accelerator.net");
INSERT INTO Accounts (login, email) values ("Pat173","Pat173@accelerator.net");
INSERT INTO Accounts (login, email) values ("Pat174","Pat174@accelerator.net");
INSERT INTO Accounts (login, email) values ("Pat175","Pat175@accelerator.net");
INSERT INTO Accounts (login, email) values ("Pat176","Pat176@accelerator.net");
INSERT INTO Accounts (login, email) values ("Pat177","Pat177@accelerator.net");
INSERT INTO Accounts (login, email) values ("Pat178","Pat178@accelerator.net");
INSERT INTO Accounts (login, email) values ("Pat179","Pat179@accelerator.net");
INSERT INTO Accounts (login, email) values ("Pat180","Pat180@accelerator.net");
INSERT INTO Accounts (login, email) values ("Pat181","Pat181@accelerator.net");
INSERT INTO Accounts (login, email) values ("Pat182","Pat182@accelerator.net");
INSERT INTO Accounts (login, email) values ("Pat183","Pat183@accelerator.net");
INSERT INTO Accounts (login, email) values ("Pat184","Pat184@accelerator.net");
INSERT INTO Accounts (login, email) values ("Pat185","Pat185@accelerator.net");
INSERT INTO Accounts (login, email) values ("Pat186","Pat186@accelerator.net");
INSERT INTO Accounts (login, email) values ("Pat187","Pat187@accelerator.net");
INSERT INTO Accounts (login, email) values ("Pat188","Pat188@accelerator.net");
INSERT INTO Accounts (login, email) values ("Pat189","Pat189@accelerator.net");
INSERT INTO Accounts (login, email) values ("Pat190","Pat190@accelerator.net");
INSERT INTO Accounts (login, email) values ("Pat191","Pat191@accelerator.net");
INSERT INTO Accounts (login, email) values ("Pat192","Pat192@accelerator.net");
INSERT INTO Accounts (login, email) values ("Pat193","Pat193@accelerator.net");
INSERT INTO Accounts (login, email) values ("Pat194","Pat194@accelerator.net");
INSERT INTO Accounts (login, email) values ("Pat195","Pat195@accelerator.net");
INSERT INTO Accounts (login, email) values ("Pat196","Pat196@accelerator.net");
INSERT INTO Accounts (login, email) values ("Pat197","Pat197@accelerator.net");
INSERT INTO Accounts (login, email) values ("Pat198","Pat198@accelerator.net");
INSERT INTO Accounts (login, email) values ("Pat199","Pat199@accelerator.net");
INSERT INTO Accounts (login, email) values ("Pat200","Pat200@accelerator.net");
INSERT INTO Accounts (login, email) values ("Pat201","Pat201@accelerator.net");
INSERT INTO Accounts (login, email) values ("Pat202","Pat202@accelerator.net");
INSERT INTO Accounts (login, email) values ("Pat203","Pat203@accelerator.net");
INSERT INTO Accounts (login, email) values ("Pat204","Pat204@accelerator.net");
INSERT INTO Accounts (login, email) values ("Pat205","Pat205@accelerator.net");
INSERT INTO Accounts (login, email) values ("Pat206","Pat206@accelerator.net");
INSERT INTO Accounts (login, email) values ("Pat207","Pat207@accelerator.net");
INSERT INTO Accounts (login, email) values ("Pat208","Pat208@accelerator.net");
INSERT INTO Accounts (login, email) values ("Pat209","Pat209@accelerator.net");
INSERT INTO Accounts (login, email) values ("Pat210","Pat210@accelerator.net");
INSERT INTO Accounts (login, email) values ("Pat211","Pat211@accelerator.net");
INSERT INTO Accounts (login, email) values ("Pat212","Pat212@accelerator.net");
INSERT INTO Accounts (login, email) values ("Pat213","Pat213@accelerator.net");
INSERT INTO Accounts (login, email) values ("Pat214","Pat214@accelerator.net");
INSERT INTO Accounts (login, email) values ("Pat215","Pat215@accelerator.net");
INSERT INTO Accounts (login, email) values ("Pat216","Pat216@accelerator.net");
INSERT INTO Accounts (login, email) values ("Pat217","Pat217@accelerator.net");
INSERT INTO Accounts (login, email) values ("Pat218","Pat218@accelerator.net");
INSERT INTO Accounts (login, email) values ("Pat219","Pat219@accelerator.net");
INSERT INTO Accounts (login, email) values ("Pat220","Pat220@accelerator.net");
INSERT INTO Accounts (login, email) values ("Pat221","Pat221@accelerator.net");
INSERT INTO Accounts (login, email) values ("Pat222","Pat222@accelerator.net");
INSERT INTO Accounts (login, email) values ("Pat223","Pat223@accelerator.net");
INSERT INTO Accounts (login, email) values ("Pat224","Pat224@accelerator.net");
INSERT INTO Accounts (login, email) values ("Pat225","Pat225@accelerator.net");
INSERT INTO Accounts (login, email) values ("Pat226","Pat226@accelerator.net");
INSERT INTO Accounts (login, email) values ("Pat227","Pat227@accelerator.net");
INSERT INTO Accounts (login, email) values ("Pat228","Pat228@accelerator.net");
INSERT INTO Accounts (login, email) values ("Pat229","Pat229@accelerator.net");
INSERT INTO Accounts (login, email) values ("Pat230","Pat230@accelerator.net");






INSERT INTO Roles (role,login,status) values("ctm","ctm00","accepted");
INSERT INTO Roles (role,login,status) values("ctm","ctm01","accepted");
INSERT INTO Roles (role,login,status) values("ctm","ctm02","accepted");
INSERT INTO Roles (role,login,status) values("ctm","ctm03","accepted");
INSERT INTO Roles (role,login,status) values("ctm","ctm04","accepted");
INSERT INTO Roles (role,login,status) values("ctm","ctm05","accepted");
INSERT INTO Roles (role,login,status) values("investigator","Inv000","accepted");
INSERT INTO Roles (role,login,status) values("investigator","Inv001","accepted");
INSERT INTO Roles (role,login,status) values("investigator","Inv002","accepted");
INSERT INTO Roles (role,login,status) values("investigator","Inv003","accepted");
INSERT INTO Roles (role,login,status) values("investigator","Inv004","accepted");
INSERT INTO Roles (role,login,status) values("investigator","Inv005","accepted");
INSERT INTO Roles (role,login,status) values("investigator","Inv006","accepted");
INSERT INTO Roles (role,login,status) values("investigator","Inv007","accepted");
INSERT INTO Roles (role,login,status) values("investigator","Inv008","accepted");
INSERT INTO Roles (role,login,status) values("investigator","Inv009","accepted");
INSERT INTO Roles (role,login,status) values("investigator","Inv010","accepted");
INSERT INTO Roles (role,login,status) values("investigator","Inv011","accepted");
INSERT INTO Roles (role,login,status) values("investigator","Inv012","accepted");
INSERT INTO Roles (role,login,status) values("investigator","Inv013","accepted");
INSERT INTO Roles (role,login,status) values("investigator","Inv014","accepted");
INSERT INTO Roles (role,login,status) values("investigator","Inv015","requested");
INSERT INTO Roles (role,login,status) values("investigator","Inv016","requested");
INSERT INTO Roles (role,login,status) values("investigator","Inv017","requested");
INSERT INTO Roles (role,login,status) values("investigator","Inv018","rejected");
INSERT INTO Roles (role,login,status) values("investigator","Inv019","rejected");
INSERT INTO Roles (role,login,status) values("investigator","Inv020","revoked");
INSERT INTO Roles (role,login,status) values("patient","Pat000","accepted");
INSERT INTO Roles (role,login,status) values("patient","Pat001","accepted");
INSERT INTO Roles (role,login,status) values("patient","Pat002","accepted");
INSERT INTO Roles (role,login,status) values("patient","Pat003","accepted");
INSERT INTO Roles (role,login,status) values("patient","Pat004","accepted");
INSERT INTO Roles (role,login,status) values("patient","Pat005","accepted");
INSERT INTO Roles (role,login,status) values("patient","Pat006","accepted");
INSERT INTO Roles (role,login,status) values("patient","Pat007","accepted");
INSERT INTO Roles (role,login,status) values("patient","Pat008","accepted");
INSERT INTO Roles (role,login,status) values("patient","Pat009","accepted");
INSERT INTO Roles (role,login,status) values("patient","Pat010","accepted");
INSERT INTO Roles (role,login,status) values("patient","Pat011","accepted");
INSERT INTO Roles (role,login,status) values("patient","Pat012","accepted");
INSERT INTO Roles (role,login,status) values("patient","Pat013","accepted");
INSERT INTO Roles (role,login,status) values("patient","Pat014","accepted");
INSERT INTO Roles (role,login,status) values("patient","Pat015","accepted");
INSERT INTO Roles (role,login,status) values("patient","Pat016","accepted");
INSERT INTO Roles (role,login,status) values("patient","Pat017","accepted");
INSERT INTO Roles (role,login,status) values("patient","Pat018","accepted");
INSERT INTO Roles (role,login,status) values("patient","Pat019","accepted");
INSERT INTO Roles (role,login,status) values("patient","Pat020","accepted");
INSERT INTO Roles (role,login,status) values("patient","Pat021","accepted");
INSERT INTO Roles (role,login,status) values("patient","Pat022","accepted");
INSERT INTO Roles (role,login,status) values("patient","Pat023","accepted");
INSERT INTO Roles (role,login,status) values("patient","Pat024","accepted");
INSERT INTO Roles (role,login,status) values("patient","Pat025","accepted");
INSERT INTO Roles (role,login,status) values("patient","Pat026","accepted");
INSERT INTO Roles (role,login,status) values("patient","Pat027","accepted");
INSERT INTO Roles (role,login,status) values("patient","Pat028","accepted");
INSERT INTO Roles (role,login,status) values("patient","Pat029","accepted");
INSERT INTO Roles (role,login,status) values("patient","Pat030","accepted");
INSERT INTO Roles (role,login,status) values("patient","Pat031","accepted");
INSERT INTO Roles (role,login,status) values("patient","Pat032","accepted");
INSERT INTO Roles (role,login,status) values("patient","Pat033","accepted");
INSERT INTO Roles (role,login,status) values("patient","Pat034","accepted");
INSERT INTO Roles (role,login,status) values("patient","Pat035","accepted");
INSERT INTO Roles (role,login,status) values("patient","Pat036","accepted");
INSERT INTO Roles (role,login,status) values("patient","Pat037","accepted");
INSERT INTO Roles (role,login,status) values("patient","Pat038","accepted");
INSERT INTO Roles (role,login,status) values("patient","Pat039","accepted");
INSERT INTO Roles (role,login,status) values("patient","Pat040","accepted");
INSERT INTO Roles (role,login,status) values("patient","Pat041","accepted");
INSERT INTO Roles (role,login,status) values("patient","Pat042","accepted");
INSERT INTO Roles (role,login,status) values("patient","Pat043","accepted");
INSERT INTO Roles (role,login,status) values("patient","Pat044","accepted");
INSERT INTO Roles (role,login,status) values("patient","Pat045","accepted");
INSERT INTO Roles (role,login,status) values("patient","Pat046","accepted");
INSERT INTO Roles (role,login,status) values("patient","Pat047","accepted");
INSERT INTO Roles (role,login,status) values("patient","Pat048","accepted");
INSERT INTO Roles (role,login,status) values("patient","Pat049","accepted");
INSERT INTO Roles (role,login,status) values("patient","Pat050","accepted");
INSERT INTO Roles (role,login,status) values("patient","Pat051","accepted");
INSERT INTO Roles (role,login,status) values("patient","Pat052","accepted");
INSERT INTO Roles (role,login,status) values("patient","Pat053","accepted");
INSERT INTO Roles (role,login,status) values("patient","Pat054","accepted");
INSERT INTO Roles (role,login,status) values("patient","Pat055","accepted");
INSERT INTO Roles (role,login,status) values("patient","Pat056","accepted");
INSERT INTO Roles (role,login,status) values("patient","Pat057","accepted");
INSERT INTO Roles (role,login,status) values("patient","Pat058","accepted");
INSERT INTO Roles (role,login,status) values("patient","Pat059","accepted");
INSERT INTO Roles (role,login,status) values("patient","Pat060","accepted");
INSERT INTO Roles (role,login,status) values("patient","Pat061","accepted");
INSERT INTO Roles (role,login,status) values("patient","Pat062","accepted");
INSERT INTO Roles (role,login,status) values("patient","Pat063","accepted");
INSERT INTO Roles (role,login,status) values("patient","Pat064","accepted");
INSERT INTO Roles (role,login,status) values("patient","Pat065","accepted");
INSERT INTO Roles (role,login,status) values("patient","Pat066","accepted");
INSERT INTO Roles (role,login,status) values("patient","Pat067","accepted");
INSERT INTO Roles (role,login,status) values("patient","Pat068","accepted");
INSERT INTO Roles (role,login,status) values("patient","Pat069","accepted");
INSERT INTO Roles (role,login,status) values("patient","Pat070","accepted");
INSERT INTO Roles (role,login,status) values("patient","Pat071","accepted");
INSERT INTO Roles (role,login,status) values("patient","Pat072","accepted");
INSERT INTO Roles (role,login,status) values("patient","Pat073","accepted");
INSERT INTO Roles (role,login,status) values("patient","Pat074","accepted");
INSERT INTO Roles (role,login,status) values("patient","Pat075","accepted");
INSERT INTO Roles (role,login,status) values("patient","Pat076","accepted");
INSERT INTO Roles (role,login,status) values("patient","Pat077","accepted");
INSERT INTO Roles (role,login,status) values("patient","Pat078","accepted");
INSERT INTO Roles (role,login,status) values("patient","Pat079","accepted");
INSERT INTO Roles (role,login,status) values("patient","Pat080","accepted");
INSERT INTO Roles (role,login,status) values("patient","Pat081","accepted");
INSERT INTO Roles (role,login,status) values("patient","Pat082","accepted");
INSERT INTO Roles (role,login,status) values("patient","Pat083","accepted");
INSERT INTO Roles (role,login,status) values("patient","Pat084","accepted");
INSERT INTO Roles (role,login,status) values("patient","Pat085","accepted");
INSERT INTO Roles (role,login,status) values("patient","Pat086","accepted");
INSERT INTO Roles (role,login,status) values("patient","Pat087","accepted");
INSERT INTO Roles (role,login,status) values("patient","Pat088","accepted");
INSERT INTO Roles (role,login,status) values("patient","Pat089","accepted");
INSERT INTO Roles (role,login,status) values("patient","Pat090","accepted");
INSERT INTO Roles (role,login,status) values("patient","Pat091","accepted");
INSERT INTO Roles (role,login,status) values("patient","Pat092","accepted");
INSERT INTO Roles (role,login,status) values("patient","Pat093","accepted");
INSERT INTO Roles (role,login,status) values("patient","Pat094","accepted");
INSERT INTO Roles (role,login,status) values("patient","Pat095","accepted");
INSERT INTO Roles (role,login,status) values("patient","Pat096","accepted");
INSERT INTO Roles (role,login,status) values("patient","Pat097","accepted");
INSERT INTO Roles (role,login,status) values("patient","Pat098","accepted");
INSERT INTO Roles (role,login,status) values("patient","Pat099","accepted");
INSERT INTO Roles (role,login,status) values("patient","Pat100","accepted");
INSERT INTO Roles (role,login,status) values("patient","Pat101","accepted");
INSERT INTO Roles (role,login,status) values("patient","Pat102","accepted");
INSERT INTO Roles (role,login,status) values("patient","Pat103","accepted");
INSERT INTO Roles (role,login,status) values("patient","Pat104","accepted");
INSERT INTO Roles (role,login,status) values("patient","Pat105","accepted");
INSERT INTO Roles (role,login,status) values("patient","Pat106","accepted");
INSERT INTO Roles (role,login,status) values("patient","Pat107","accepted");
INSERT INTO Roles (role,login,status) values("patient","Pat108","accepted");
INSERT INTO Roles (role,login,status) values("patient","Pat109","accepted");
INSERT INTO Roles (role,login,status) values("patient","Pat110","accepted");
INSERT INTO Roles (role,login,status) values("patient","Pat111","accepted");
INSERT INTO Roles (role,login,status) values("patient","Pat112","accepted");
INSERT INTO Roles (role,login,status) values("patient","Pat113","accepted");
INSERT INTO Roles (role,login,status) values("patient","Pat114","accepted");
INSERT INTO Roles (role,login,status) values("patient","Pat115","accepted");
INSERT INTO Roles (role,login,status) values("patient","Pat116","accepted");
INSERT INTO Roles (role,login,status) values("patient","Pat117","accepted");
INSERT INTO Roles (role,login,status) values("patient","Pat118","accepted");
INSERT INTO Roles (role,login,status) values("patient","Pat119","accepted");
INSERT INTO Roles (role,login,status) values("patient","Pat120","accepted");
INSERT INTO Roles (role,login,status) values("patient","Pat121","accepted");
INSERT INTO Roles (role,login,status) values("patient","Pat122","accepted");
INSERT INTO Roles (role,login,status) values("patient","Pat123","accepted");
INSERT INTO Roles (role,login,status) values("patient","Pat124","accepted");
INSERT INTO Roles (role,login,status) values("patient","Pat125","accepted");
INSERT INTO Roles (role,login,status) values("patient","Pat126","accepted");
INSERT INTO Roles (role,login,status) values("patient","Pat127","accepted");
INSERT INTO Roles (role,login,status) values("patient","Pat128","accepted");
INSERT INTO Roles (role,login,status) values("patient","Pat129","accepted");
INSERT INTO Roles (role,login,status) values("patient","Pat130","accepted");
INSERT INTO Roles (role,login,status) values("patient","Pat131","accepted");
INSERT INTO Roles (role,login,status) values("patient","Pat132","accepted");
INSERT INTO Roles (role,login,status) values("patient","Pat133","accepted");
INSERT INTO Roles (role,login,status) values("patient","Pat134","accepted");
INSERT INTO Roles (role,login,status) values("patient","Pat135","accepted");
INSERT INTO Roles (role,login,status) values("patient","Pat136","accepted");
INSERT INTO Roles (role,login,status) values("patient","Pat137","accepted");
INSERT INTO Roles (role,login,status) values("patient","Pat138","accepted");
INSERT INTO Roles (role,login,status) values("patient","Pat139","accepted");
INSERT INTO Roles (role,login,status) values("patient","Pat140","accepted");
INSERT INTO Roles (role,login,status) values("patient","Pat141","accepted");
INSERT INTO Roles (role,login,status) values("patient","Pat142","accepted");
INSERT INTO Roles (role,login,status) values("patient","Pat143","accepted");
INSERT INTO Roles (role,login,status) values("patient","Pat144","accepted");
INSERT INTO Roles (role,login,status) values("patient","Pat145","accepted");
INSERT INTO Roles (role,login,status) values("patient","Pat146","accepted");
INSERT INTO Roles (role,login,status) values("patient","Pat147","accepted");
INSERT INTO Roles (role,login,status) values("patient","Pat148","accepted");
INSERT INTO Roles (role,login,status) values("patient","Pat149","accepted");
INSERT INTO Roles (role,login,status) values("patient","Pat150","accepted");
INSERT INTO Roles (role,login,status) values("patient","Pat151","accepted");
INSERT INTO Roles (role,login,status) values("patient","Pat152","accepted");
INSERT INTO Roles (role,login,status) values("patient","Pat153","accepted");
INSERT INTO Roles (role,login,status) values("patient","Pat154","accepted");
INSERT INTO Roles (role,login,status) values("patient","Pat155","accepted");
INSERT INTO Roles (role,login,status) values("patient","Pat156","accepted");
INSERT INTO Roles (role,login,status) values("patient","Pat157","accepted");
INSERT INTO Roles (role,login,status) values("patient","Pat158","accepted");
INSERT INTO Roles (role,login,status) values("patient","Pat159","accepted");
INSERT INTO Roles (role,login,status) values("patient","Pat160","accepted");
INSERT INTO Roles (role,login,status) values("patient","Pat161","accepted");
INSERT INTO Roles (role,login,status) values("patient","Pat162","accepted");
INSERT INTO Roles (role,login,status) values("patient","Pat163","accepted");
INSERT INTO Roles (role,login,status) values("patient","Pat164","accepted");
INSERT INTO Roles (role,login,status) values("patient","Pat165","accepted");
INSERT INTO Roles (role,login,status) values("patient","Pat166","accepted");
INSERT INTO Roles (role,login,status) values("patient","Pat167","accepted");
INSERT INTO Roles (role,login,status) values("patient","Pat168","accepted");
INSERT INTO Roles (role,login,status) values("patient","Pat169","accepted");
INSERT INTO Roles (role,login,status) values("patient","Pat170","accepted");
INSERT INTO Roles (role,login,status) values("patient","Pat171","accepted");
INSERT INTO Roles (role,login,status) values("patient","Pat172","accepted");
INSERT INTO Roles (role,login,status) values("patient","Pat173","accepted");
INSERT INTO Roles (role,login,status) values("patient","Pat174","accepted");
INSERT INTO Roles (role,login,status) values("patient","Pat175","accepted");
INSERT INTO Roles (role,login,status) values("patient","Pat176","accepted");
INSERT INTO Roles (role,login,status) values("patient","Pat177","accepted");
INSERT INTO Roles (role,login,status) values("patient","Pat178","accepted");
INSERT INTO Roles (role,login,status) values("patient","Pat179","accepted");
INSERT INTO Roles (role,login,status) values("patient","Pat180","accepted");
INSERT INTO Roles (role,login,status) values("patient","Pat181","accepted");
INSERT INTO Roles (role,login,status) values("patient","Pat182","accepted");
INSERT INTO Roles (role,login,status) values("patient","Pat183","accepted");
INSERT INTO Roles (role,login,status) values("patient","Pat184","accepted");
INSERT INTO Roles (role,login,status) values("patient","Pat185","accepted");
INSERT INTO Roles (role,login,status) values("patient","Pat186","accepted");
INSERT INTO Roles (role,login,status) values("patient","Pat187","accepted");
INSERT INTO Roles (role,login,status) values("patient","Pat188","accepted");
INSERT INTO Roles (role,login,status) values("patient","Pat189","accepted");
INSERT INTO Roles (role,login,status) values("patient","Pat190","accepted");
INSERT INTO Roles (role,login,status) values("patient","Pat191","accepted");
INSERT INTO Roles (role,login,status) values("patient","Pat192","accepted");
INSERT INTO Roles (role,login,status) values("patient","Pat193","accepted");
INSERT INTO Roles (role,login,status) values("patient","Pat194","accepted");
INSERT INTO Roles (role,login,status) values("patient","Pat195","accepted");
INSERT INTO Roles (role,login,status) values("patient","Pat196","accepted");
INSERT INTO Roles (role,login,status) values("patient","Pat197","accepted");
INSERT INTO Roles (role,login,status) values("patient","Pat198","accepted");
INSERT INTO Roles (role,login,status) values("patient","Pat199","accepted");
INSERT INTO Roles (role,login,status) values("patient","Pat200","accepted");
INSERT INTO Roles (role,login,status) values("patient","Pat201","accepted");
INSERT INTO Roles (role,login,status) values("patient","Pat202","accepted");
INSERT INTO Roles (role,login,status) values("patient","Pat203","accepted");
INSERT INTO Roles (role,login,status) values("patient","Pat204","accepted");
INSERT INTO Roles (role,login,status) values("patient","Pat205","accepted");
INSERT INTO Roles (role,login,status) values("patient","Pat206","accepted");
INSERT INTO Roles (role,login,status) values("patient","Pat207","accepted");
INSERT INTO Roles (role,login,status) values("patient","Pat208","accepted");
INSERT INTO Roles (role,login,status) values("patient","Pat209","accepted");
INSERT INTO Roles (role,login,status) values("patient","Pat210","accepted");
INSERT INTO Roles (role,login,status) values("patient","Pat211","accepted");
INSERT INTO Roles (role,login,status) values("patient","Pat212","accepted");
INSERT INTO Roles (role,login,status) values("patient","Pat213","accepted");
INSERT INTO Roles (role,login,status) values("patient","Pat214","accepted");
INSERT INTO Roles (role,login,status) values("patient","Pat215","accepted");
INSERT INTO Roles (role,login,status) values("patient","Pat216","accepted");
INSERT INTO Roles (role,login,status) values("patient","Pat217","accepted");
INSERT INTO Roles (role,login,status) values("patient","Pat218","accepted");
INSERT INTO Roles (role,login,status) values("patient","Pat219","accepted");
INSERT INTO Roles (role,login,status) values("patient","Pat220","accepted");
INSERT INTO Roles (role,login,status) values("patient","Pat221","accepted");
INSERT INTO Roles (role,login,status) values("patient","Pat222","accepted");
INSERT INTO Roles (role,login,status) values("patient","Pat223","accepted");
INSERT INTO Roles (role,login,status) values("patient","Pat224","accepted");
INSERT INTO Roles (role,login,status) values("patient","Pat225","accepted");
INSERT INTO Roles (role,login,status) values("patient","Pat226","accepted");
INSERT INTO Roles (role,login,status) values("patient","Pat227","accepted");
INSERT INTO Roles (role,login,status) values("patient","Pat228","accepted");
INSERT INTO Roles (role,login,status) values("patient","Pat229","accepted");
INSERT INTO Roles (role,login,status) values("patient","Pat230","accepted");






INSERT INTO Trials (trialcode,description,status) values ("tri000","Aliquam erat volutpat. Donec a imperdiet erat. Aenean commodo risus tempus sapien bibendum, ut rutrum nisi laoreet. Suspendisse turpis nisi, imperdiet nec vestibulum at, commodo sit amet justo. Pellentesque non mauris quis felis volutpat sollicitudin. Nulla tincidunt mattis ultricies. Nam pretium risus neque. Quisque finibus ipsum at posuere eleifend. Maecenas at sodales mi. Aliquam at tempus neque.","closed");
INSERT INTO Trials (trialcode,description,status) values ("tri001","Morbi tortor lorem, euismod rutrum dignissim ac, tempus eget urna. Maecenas quam urna, pulvinar sit amet laoreet ac, interdum a nisi. Ut sit amet porta metus, at accumsan metus. Vivamus sit amet enim hendrerit, condimentum risus non, varius enim. Suspendisse risus nunc, fringilla vitae tristique eget, finibus quis ante. In molestie rutrum purus ut rutrum. In eget orci ut metus tincidunt suscipit. Fusce neque metus, blandit vitae dui vitae, imperdiet mollis erat. Morbi libero turpis, fringilla sed sem a, posuere bibendum velit. Pellentesque vel nunc nisi. Proin mattis aliquet lectus eget blandit. Quisque bibendum sapien ac ullamcorper bibendum. Ut lacinia massa eget lectus elementum, non suscipit ante bibendum. Pellentesque condimentum finibus pharetra.","closed");
INSERT INTO Trials (trialcode,description,status) values ("tri002","Duis sagittis iaculis lectus, non hendrerit magna pharetra id. Pellentesque scelerisque pellentesque mauris, at posuere libero iaculis non. Quisque sed sapien nec erat pretium facilisis. Nunc a velit sed ex pretium placerat in at mauris. Phasellus dapibus fringilla ante vel posuere. Fusce consequat metus id ultrices facilisis. Sed at est rhoncus, bibendum dui vel, sodales ipsum. Orci varius natoque penatibus et magnis dis parturient montes, nascetur ridiculus mus. Vivamus sit amet orci at lorem ornare imperdiet.","closed");
INSERT INTO Trials (trialcode,description,status) values ("tri003","Etiam lacinia viverra nisl ut dignissim. Pellentesque habitant morbi tristique senectus et netus et malesuada fames ac turpis egestas. Proin in dapibus libero. Duis venenatis sapien vel est vestibulum, egestas fermentum elit placerat. Nam arcu justo, hendrerit et condimentum a, sagittis ut est. Nullam id turpis hendrerit, imperdiet ante ac, congue quam. Nulla pretium vel tellus at pellentesque. Integer dapibus leo ut felis hendrerit tincidunt.","closed");
INSERT INTO Trials (trialcode,description,status) values ("tri004","Lorem ipsum dolor sit amet, consectetur adipiscing elit. Nunc finibus sed nibh ac cursus. Mauris quis purus lacinia ligula bibendum vestibulum. Lorem ipsum dolor sit amet, consectetur adipiscing elit. Ut vitae eros dui. Morbi ultricies consequat odio a tempor. Integer sed lobortis ex. Fusce in metus molestie, egestas enim ut, vehicula mauris. Ut iaculis dapibus nibh, at efficitur augue ullamcorper sed. Suspendisse sodales nulla sed risus ullamcorper, ullamcorper dignissim ex elementum. Vivamus gravida lorem quis purus fermentum posuere. In venenatis urna ac ex egestas tempus. Etiam ut nisl mattis urna blandit ultrices nec a leo.","closed");
INSERT INTO Trials (trialcode,description,status) values ("tri005","Neque porro quisquam est qui dolorem ipsum quia dolor sit amet, consectetur, adipisci velit…","ongoing");
INSERT INTO Trials (trialcode,description,status) values ("tri006","Duis fermentum turpis vitae ornare malesuada. Etiam arcu sem, elementum nec iaculis vitae, rutrum vel odio. Aliquam erat volutpat. Pellentesque sollicitudin accumsan pulvinar. Etiam ligula ante, molestie et scelerisque quis, tincidunt et elit. Phasellus a urna eget ante hendrerit pretium sed accumsan eros. In turpis arcu, lobortis a condimentum tempor, ullamcorper nec ante. Praesent pellentesque auctor purus eget malesuada.","ongoing");
INSERT INTO Trials (trialcode,description,status) values ("tri007","Ut vestibulum accumsan vulputate. Proin congue egestas dapibus. Cras sit amet mollis purus, eget aliquet tortor. Curabitur blandit aliquam vestibulum. Pellentesque malesuada varius sodales. Morbi volutpat leo nec quam fringilla, ac maximus lectus dictum. Mauris accumsan posuere magna vitae efficitur. Integer eu hendrerit lectus.","ongoing");
INSERT INTO Trials (trialcode,description,status) values ("tri008","Curabitur tristique egestas imperdiet. Aenean malesuada nulla a lacus condimentum viverra. Cras congue, mauris vitae iaculis finibus, risus ex vehicula risus, eu lacinia velit metus ut arcu. Praesent lacinia fringilla tellus, sit amet vestibulum augue suscipit sit amet. Cras rhoncus purus sit amet congue congue. Sed metus ipsum, viverra in lacinia nec, convallis sit amet nunc. Pellentesque bibendum posuere metus nec vehicula. Mauris ac dui ut dolor viverra laoreet id sit amet ex.","ongoing");
INSERT INTO Trials (trialcode,description,status) values ("tri009","Aliquam cursus enim non quam maximus, eu malesuada dui ultrices. Praesent sed facilisis enim. Nam quis tortor elit. Sed nec neque pulvinar, maximus magna quis, pretium orci. Aenean interdum ullamcorper tortor, scelerisque eleifend odio suscipit eu. Vivamus egestas arcu eget nibh auctor, non gravida neque convallis. Aliquam vehicula elit non rhoncus venenatis. Suspendisse in odio eget ante fermentum condimentum vitae sit amet tortor.","ongoing");
INSERT INTO Trials (trialcode,description,status) values ("tri010","Quisque eu tempor enim. Vestibulum ante ipsum primis in faucibus orci luctus et ultrices posuere cubilia curae; Suspendisse finibus sapien quis urna tempus elementum. Integer elementum laoreet purus, ut aliquet justo semper ut. Vestibulum sodales lorem tempus quam rhoncus pellentesque. Suspendisse quis condimentum nunc. Mauris lorem nunc, suscipit a ante vel, vestibulum malesuada augue. Donec pulvinar varius consectetur.","ongoing");
INSERT INTO Trials (trialcode,description,status) values ("tri011","Etiam vehicula tortor in posuere faucibus. Fusce mattis ante quis placerat tristique.","ongoing");
INSERT INTO Trials (trialcode,description,status) values ("tri012","Nullam sagittis nisi eget varius sagittis. Quisque vehicula faucibus libero nec imperdiet. ","ongoing");
INSERT INTO Trials (trialcode,description,status) values ("tri013","Morbi consectetur sem nec aliquam iaculis. Maecenas hendrerit posuere risus, ac tristique dolor vestibulum ac. Donec dapibus, tortor eget sollicitudin facilisis, nibh arcu tempor nunc, ac vehicula lectus velit at mauris.","ongoing");
INSERT INTO Trials (trialcode,description,status) values ("tri014","Lorem ipsum dolor sit amet, consectetur adipiscing elit. Nullam rutrum cursus tortor. Cras tempor leo non rutrum hendrerit. Aenean sed nisi suscipit, ultricies quam vehicula, luctus odio.","open");
INSERT INTO Trials (trialcode,description,status) values ("tri015","Mauris quis leo ultrices, condimentum augue sed, lobortis ligula. Vestibulum ante ipsum primis in faucibus orci luctus et ultrices posuere cubilia curae;","open");
INSERT INTO Trials (trialcode,description,status) values ("tri016","Maecenas varius, tortor sit amet venenatis dictum, leo massa maximus velit, id interdum ante libero eu nibh. Maecenas eleifend venenatis sapien ac pharetra.","open");
INSERT INTO Trials (trialcode,description,status) values ("tri017","Mauris faucibus, lorem a congue congue, neque diam vehicula arcu, eu dignissim sapien eros non velit.","open");
INSERT INTO Trials (trialcode,description,status) values ("tri018","Aliquam dui odio, suscipit ut convallis aliquet, ullamcorper et lorem.","start");
INSERT INTO Trials (trialcode,description,status) values ("tri019","Nullam malesuada leo vel orci blandit dictum in nec ipsum.","start");
INSERT INTO Trials (trialcode,description,status) values ("tri020","Nunc dignissim ante nec erat iaculis, quis tincidunt nisi vulputate.","start");


INSERT INTO Subscriptions (trialcode, login, role) values ("tri000","ctm03","ctm");
INSERT INTO Subscriptions (trialcode, login, role) values ("tri001","ctm03","ctm");
INSERT INTO Subscriptions (trialcode, login, role) values ("tri002","ctm02","ctm");
INSERT INTO Subscriptions (trialcode, login, role) values ("tri003","ctm00","ctm");
INSERT INTO Subscriptions (trialcode, login, role) values ("tri004","ctm03","ctm");
INSERT INTO Subscriptions (trialcode, login, role) values ("tri005","ctm00","ctm");
INSERT INTO Subscriptions (trialcode, login, role) values ("tri006","ctm03","ctm");
INSERT INTO Subscriptions (trialcode, login, role) values ("tri007","ctm02","ctm");
INSERT INTO Subscriptions (trialcode, login, role) values ("tri008","ctm00","ctm");
INSERT INTO Subscriptions (trialcode, login, role) values ("tri009","ctm00","ctm");
INSERT INTO Subscriptions (trialcode, login, role) values ("tri010","ctm01","ctm");
INSERT INTO Subscriptions (trialcode, login, role) values ("tri011","ctm03","ctm");
INSERT INTO Subscriptions (trialcode, login, role) values ("tri012","ctm04","ctm");
INSERT INTO Subscriptions (trialcode, login, role) values ("tri013","ctm02","ctm");
INSERT INTO Subscriptions (trialcode, login, role) values ("tri014","ctm05","ctm");
INSERT INTO Subscriptions (trialcode, login, role) values ("tri015","ctm03","ctm");
INSERT INTO Subscriptions (trialcode, login, role) values ("tri016","ctm00","ctm");
INSERT INTO Subscriptions (trialcode, login, role) values ("tri017","ctm04","ctm");
INSERT INTO Subscriptions (trialcode, login, role) values ("tri018","ctm01","ctm");
INSERT INTO Subscriptions (trialcode, login, role) values ("tri019","ctm00","ctm");
INSERT INTO Subscriptions (trialcode, login, role) values ("tri020","ctm04","ctm");






INSERT INTO Subscriptions (trialcode,login,role) values ("tri000","Inv014","investigator");
INSERT INTO Subscriptions (trialcode,login,role) values ("tri000","Inv016","investigator");
INSERT INTO Subscriptions (trialcode,login,role) values ("tri000","Inv004","investigator");
INSERT INTO Subscriptions (trialcode,login,role) values ("tri000","Inv006","investigator");
INSERT INTO Subscriptions (trialcode,login,role) values ("tri001","Inv016","investigator");
INSERT INTO Subscriptions (trialcode,login,role) values ("tri001","Inv020","investigator");
INSERT INTO Subscriptions (trialcode,login,role) values ("tri001","Inv000","investigator");
INSERT INTO Subscriptions (trialcode,login,role) values ("tri001","Inv007","investigator");
INSERT INTO Subscriptions (trialcode,login,role) values ("tri001","Inv005","investigator");
INSERT INTO Subscriptions (trialcode,login,role) values ("tri001","Inv008","investigator");
INSERT INTO Subscriptions (trialcode,login,role) values ("tri001","Inv004","investigator");
INSERT INTO Subscriptions (trialcode,login,role) values ("tri001","Inv015","investigator");
INSERT INTO Subscriptions (trialcode,login,role) values ("tri002","Inv003","investigator");
INSERT INTO Subscriptions (trialcode,login,role) values ("tri002","Inv007","investigator");
INSERT INTO Subscriptions (trialcode,login,role) values ("tri002","Inv008","investigator");
INSERT INTO Subscriptions (trialcode,login,role) values ("tri002","Inv009","investigator");
INSERT INTO Subscriptions (trialcode,login,role) values ("tri002","Inv006","investigator");
INSERT INTO Subscriptions (trialcode,login,role) values ("tri002","Inv002","investigator");
INSERT INTO Subscriptions (trialcode,login,role) values ("tri002","Inv010","investigator");
INSERT INTO Subscriptions (trialcode,login,role) values ("tri002","Inv014","investigator");
INSERT INTO Subscriptions (trialcode,login,role) values ("tri002","Inv018","investigator");
INSERT INTO Subscriptions (trialcode,login,role) values ("tri003","Inv012","investigator");
INSERT INTO Subscriptions (trialcode,login,role) values ("tri003","Inv017","investigator");
INSERT INTO Subscriptions (trialcode,login,role) values ("tri003","Inv020","investigator");
INSERT INTO Subscriptions (trialcode,login,role) values ("tri003","Inv011","investigator");
INSERT INTO Subscriptions (trialcode,login,role) values ("tri003","Inv001","investigator");
INSERT INTO Subscriptions (trialcode,login,role) values ("tri003","Inv015","investigator");
INSERT INTO Subscriptions (trialcode,login,role) values ("tri004","Inv003","investigator");
INSERT INTO Subscriptions (trialcode,login,role) values ("tri004","Inv010","investigator");
INSERT INTO Subscriptions (trialcode,login,role) values ("tri004","Inv018","investigator");
INSERT INTO Subscriptions (trialcode,login,role) values ("tri004","Inv016","investigator");
INSERT INTO Subscriptions (trialcode,login,role) values ("tri004","Inv017","investigator");
INSERT INTO Subscriptions (trialcode,login,role) values ("tri005","Inv002","investigator");
INSERT INTO Subscriptions (trialcode,login,role) values ("tri006","Inv015","investigator");
INSERT INTO Subscriptions (trialcode,login,role) values ("tri006","Inv011","investigator");
INSERT INTO Subscriptions (trialcode,login,role) values ("tri006","Inv013","investigator");
INSERT INTO Subscriptions (trialcode,login,role) values ("tri006","Inv001","investigator");
INSERT INTO Subscriptions (trialcode,login,role) values ("tri006","Inv017","investigator");
INSERT INTO Subscriptions (trialcode,login,role) values ("tri006","Inv000","investigator");
INSERT INTO Subscriptions (trialcode,login,role) values ("tri007","Inv016","investigator");
INSERT INTO Subscriptions (trialcode,login,role) values ("tri007","Inv006","investigator");
INSERT INTO Subscriptions (trialcode,login,role) values ("tri007","Inv008","investigator");
INSERT INTO Subscriptions (trialcode,login,role) values ("tri007","Inv009","investigator");
INSERT INTO Subscriptions (trialcode,login,role) values ("tri007","Inv002","investigator");
INSERT INTO Subscriptions (trialcode,login,role) values ("tri008","Inv017","investigator");
INSERT INTO Subscriptions (trialcode,login,role) values ("tri008","Inv002","investigator");
INSERT INTO Subscriptions (trialcode,login,role) values ("tri008","Inv013","investigator");
INSERT INTO Subscriptions (trialcode,login,role) values ("tri008","Inv016","investigator");
INSERT INTO Subscriptions (trialcode,login,role) values ("tri008","Inv004","investigator");
INSERT INTO Subscriptions (trialcode,login,role) values ("tri008","Inv009","investigator");
INSERT INTO Subscriptions (trialcode,login,role) values ("tri008","Inv003","investigator");
INSERT INTO Subscriptions (trialcode,login,role) values ("tri008","Inv005","investigator");
INSERT INTO Subscriptions (trialcode,login,role) values ("tri008","Inv010","investigator");
INSERT INTO Subscriptions (trialcode,login,role) values ("tri009","Inv009","investigator");
INSERT INTO Subscriptions (trialcode,login,role) values ("tri009","Inv005","investigator");
INSERT INTO Subscriptions (trialcode,login,role) values ("tri009","Inv017","investigator");
INSERT INTO Subscriptions (trialcode,login,role) values ("tri009","Inv006","investigator");
INSERT INTO Subscriptions (trialcode,login,role) values ("tri009","Inv015","investigator");
INSERT INTO Subscriptions (trialcode,login,role) values ("tri009","Inv001","investigator");
INSERT INTO Subscriptions (trialcode,login,role) values ("tri010","Inv011","investigator");
INSERT INTO Subscriptions (trialcode,login,role) values ("tri010","Inv012","investigator");
INSERT INTO Subscriptions (trialcode,login,role) values ("tri010","Inv019","investigator");
INSERT INTO Subscriptions (trialcode,login,role) values ("tri010","Inv003","investigator");
INSERT INTO Subscriptions (trialcode,login,role) values ("tri010","Inv016","investigator");
INSERT INTO Subscriptions (trialcode,login,role) values ("tri010","Inv018","investigator");
INSERT INTO Subscriptions (trialcode,login,role) values ("tri011","Inv013","investigator");
INSERT INTO Subscriptions (trialcode,login,role) values ("tri012","Inv008","investigator");
INSERT INTO Subscriptions (trialcode,login,role) values ("tri013","Inv013","investigator");
INSERT INTO Subscriptions (trialcode,login,role) values ("tri013","Inv012","investigator");
INSERT INTO Subscriptions (trialcode,login,role) values ("tri014","Inv005","investigator");
INSERT INTO Subscriptions (trialcode,login,role) values ("tri014","Inv020","investigator");
INSERT INTO Subscriptions (trialcode,login,role) values ("tri014","Inv002","investigator");
INSERT INTO Subscriptions (trialcode,login,role) values ("tri015","Inv016","investigator");
INSERT INTO Subscriptions (trialcode,login,role) values ("tri015","Inv014","investigator");
INSERT INTO Subscriptions (trialcode,login,role) values ("tri015","Inv000","investigator");
INSERT INTO Subscriptions (trialcode,login,role) values ("tri015","Inv005","investigator");
INSERT INTO Subscriptions (trialcode,login,role) values ("tri015","Inv012","investigator");
INSERT INTO Subscriptions (trialcode,login,role) values ("tri015","Inv003","investigator");
INSERT INTO Subscriptions (trialcode,login,role) values ("tri015","Inv009","investigator");
INSERT INTO Subscriptions (trialcode,login,role) values ("tri016","Inv003","investigator");
INSERT INTO Subscriptions (trialcode,login,role) values ("tri016","Inv008","investigator");
INSERT INTO Subscriptions (trialcode,login,role) values ("tri016","Inv009","investigator");
INSERT INTO Subscriptions (trialcode,login,role) values ("tri016","Inv016","investigator");
INSERT INTO Subscriptions (trialcode,login,role) values ("tri017","Inv006","investigator");
INSERT INTO Subscriptions (trialcode,login,role) values ("tri018","Inv012","investigator");
INSERT INTO Subscriptions (trialcode,login,role) values ("tri018","Inv003","investigator");
INSERT INTO Subscriptions (trialcode,login,role) values ("tri018","Inv008","investigator");
INSERT INTO Subscriptions (trialcode,login,role) values ("tri018","Inv016","investigator");
INSERT INTO Subscriptions (trialcode,login,role) values ("tri018","Inv001","investigator");
INSERT INTO Subscriptions (trialcode,login,role) values ("tri018","Inv005","investigator");
INSERT INTO Subscriptions (trialcode,login,role) values ("tri019","Inv013","investigator");
INSERT INTO Subscriptions (trialcode,login,role) values ("tri020","Inv020","investigator");
INSERT INTO Subscriptions (trialcode,login,role) values ("tri020","Inv010","investigator");







INSERT INTO Subscriptions (trialcode, login, role, investigatorlogin) values ("tri004","Pat000","patient","Inv010");
INSERT INTO Subscriptions (trialcode, login, role, investigatorlogin) values ("tri018","Pat001","patient","Inv005");
INSERT INTO Subscriptions (trialcode, login, role, investigatorlogin) values ("tri003","Pat002","patient","Inv011");

INSERT INTO Subscriptions (trialcode, login, role, investigatorlogin) values ("tri001","Pat004","patient","Inv020");

INSERT INTO Subscriptions (trialcode, login, role, investigatorlogin) values ("tri012","Pat006","patient","Inv008");

INSERT INTO Subscriptions (trialcode, login, role, investigatorlogin) values ("tri018","Pat008","patient","Inv008");
INSERT INTO Subscriptions (trialcode, login, role, investigatorlogin) values ("tri016","Pat009","patient","Inv003");
INSERT INTO Subscriptions (trialcode, login, role, investigatorlogin) values ("tri018","Pat010","patient","Inv001");
INSERT INTO Subscriptions (trialcode, login, role, investigatorlogin) values ("tri000","Pat011","patient","Inv014");
INSERT INTO Subscriptions (trialcode, login, role, investigatorlogin) values ("tri009","Pat012","patient","Inv006");
INSERT INTO Subscriptions (trialcode, login, role, investigatorlogin) values ("tri013","Pat013","patient","Inv012");


INSERT INTO Subscriptions (trialcode, login, role, investigatorlogin) values ("tri001","Pat016","patient","Inv020");
INSERT INTO Subscriptions (trialcode, login, role, investigatorlogin) values ("tri016","Pat017","patient","Inv008");
INSERT INTO Subscriptions (trialcode, login, role, investigatorlogin) values ("tri014","Pat018","patient","Inv002");
INSERT INTO Subscriptions (trialcode, login, role, investigatorlogin) values ("tri006","Pat019","patient","Inv000");
INSERT INTO Subscriptions (trialcode, login, role, investigatorlogin) values ("tri020","Pat020","patient","Inv020");



INSERT INTO Subscriptions (trialcode, login, role, investigatorlogin) values ("tri010","Pat024","patient","Inv003");
INSERT INTO Subscriptions (trialcode, login, role, investigatorlogin) values ("tri018","Pat025","patient","Inv008");
INSERT INTO Subscriptions (trialcode, login, role, investigatorlogin) values ("tri015","Pat026","patient","Inv009");
INSERT INTO Subscriptions (trialcode, login, role, investigatorlogin) values ("tri001","Pat027","patient","Inv008");

INSERT INTO Subscriptions (trialcode, login, role, investigatorlogin) values ("tri018","Pat029","patient","Inv003");



INSERT INTO Subscriptions (trialcode, login, role, investigatorlogin) values ("tri016","Pat033","patient","Inv016");
INSERT INTO Subscriptions (trialcode, login, role, investigatorlogin) values ("tri020","Pat034","patient","Inv010");
INSERT INTO Subscriptions (trialcode, login, role, investigatorlogin) values ("tri002","Pat035","patient","Inv002");


INSERT INTO Subscriptions (trialcode, login, role, investigatorlogin) values ("tri002","Pat038","patient","Inv002");


INSERT INTO Subscriptions (trialcode, login, role, investigatorlogin) values ("tri013","Pat041","patient","Inv013");

INSERT INTO Subscriptions (trialcode, login, role, investigatorlogin) values ("tri009","Pat043","patient","Inv001");
INSERT INTO Subscriptions (trialcode, login, role, investigatorlogin) values ("tri016","Pat044","patient","Inv008");


INSERT INTO Subscriptions (trialcode, login, role, investigatorlogin) values ("tri013","Pat047","patient","Inv012");
INSERT INTO Subscriptions (trialcode, login, role, investigatorlogin) values ("tri020","Pat048","patient","Inv010");
INSERT INTO Subscriptions (trialcode, login, role, investigatorlogin) values ("tri000","Pat049","patient","Inv006");
INSERT INTO Subscriptions (trialcode, login, role, investigatorlogin) values ("tri017","Pat050","patient","Inv006");
INSERT INTO Subscriptions (trialcode, login, role, investigatorlogin) values ("tri000","Pat051","patient","Inv004");
INSERT INTO Subscriptions (trialcode, login, role, investigatorlogin) values ("tri016","Pat052","patient","Inv016");
INSERT INTO Subscriptions (trialcode, login, role, investigatorlogin) values ("tri010","Pat053","patient","Inv012");
INSERT INTO Subscriptions (trialcode, login, role, investigatorlogin) values ("tri016","Pat054","patient","Inv008");
INSERT INTO Subscriptions (trialcode, login, role, investigatorlogin) values ("tri011","Pat055","patient","Inv013");

INSERT INTO Subscriptions (trialcode, login, role, investigatorlogin) values ("tri015","Pat057","patient","Inv003");

INSERT INTO Subscriptions (trialcode, login, role, investigatorlogin) values ("tri018","Pat059","patient","Inv008");
INSERT INTO Subscriptions (trialcode, login, role, investigatorlogin) values ("tri004","Pat060","patient","Inv016");



INSERT INTO Subscriptions (trialcode, login, role, investigatorlogin) values ("tri001","Pat064","patient","Inv007");

INSERT INTO Subscriptions (trialcode, login, role, investigatorlogin) values ("tri006","Pat066","patient","Inv001");
INSERT INTO Subscriptions (trialcode, login, role, investigatorlogin) values ("tri010","Pat067","patient","Inv003");
INSERT INTO Subscriptions (trialcode, login, role, investigatorlogin) values ("tri007","Pat068","patient","Inv002");
INSERT INTO Subscriptions (trialcode, login, role, investigatorlogin) values ("tri018","Pat069","patient","Inv008");
INSERT INTO Subscriptions (trialcode, login, role, investigatorlogin) values ("tri005","Pat070","patient","Inv002");
INSERT INTO Subscriptions (trialcode, login, role, investigatorlogin) values ("tri002","Pat071","patient","Inv006");
INSERT INTO Subscriptions (trialcode, login, role, investigatorlogin) values ("tri014","Pat072","patient","Inv020");
INSERT INTO Subscriptions (trialcode, login, role, investigatorlogin) values ("tri017","Pat073","patient","Inv006");

INSERT INTO Subscriptions (trialcode, login, role, investigatorlogin) values ("tri009","Pat075","patient","Inv001");
INSERT INTO Subscriptions (trialcode, login, role, investigatorlogin) values ("tri013","Pat076","patient","Inv012");
INSERT INTO Subscriptions (trialcode, login, role, investigatorlogin) values ("tri000","Pat077","patient","Inv014");
INSERT INTO Subscriptions (trialcode, login, role, investigatorlogin) values ("tri011","Pat078","patient","Inv013");

INSERT INTO Subscriptions (trialcode, login, role, investigatorlogin) values ("tri013","Pat080","patient","Inv013");
INSERT INTO Subscriptions (trialcode, login, role, investigatorlogin) values ("tri019","Pat081","patient","Inv013");
INSERT INTO Subscriptions (trialcode, login, role, investigatorlogin) values ("tri014","Pat082","patient","Inv020");
INSERT INTO Subscriptions (trialcode, login, role, investigatorlogin) values ("tri015","Pat083","patient","Inv003");

INSERT INTO Subscriptions (trialcode, login, role, investigatorlogin) values ("tri010","Pat085","patient","Inv012");
INSERT INTO Subscriptions (trialcode, login, role, investigatorlogin) values ("tri004","Pat086","patient","Inv003");

INSERT INTO Subscriptions (trialcode, login, role, investigatorlogin) values ("tri020","Pat088","patient","Inv010");
INSERT INTO Subscriptions (trialcode, login, role, investigatorlogin) values ("tri016","Pat089","patient","Inv016");



INSERT INTO Subscriptions (trialcode, login, role, investigatorlogin) values ("tri016","Pat093","patient","Inv016");
INSERT INTO Subscriptions (trialcode, login, role, investigatorlogin) values ("tri000","Pat094","patient","Inv006");

INSERT INTO Subscriptions (trialcode, login, role, investigatorlogin) values ("tri002","Pat096","patient","Inv006");
INSERT INTO Subscriptions (trialcode, login, role, investigatorlogin) values ("tri005","Pat097","patient","Inv002");
INSERT INTO Subscriptions (trialcode, login, role, investigatorlogin) values ("tri019","Pat098","patient","Inv013");

INSERT INTO Subscriptions (trialcode, login, role, investigatorlogin) values ("tri006","Pat100","patient","Inv017");
INSERT INTO Subscriptions (trialcode, login, role, investigatorlogin) values ("tri015","Pat101","patient","Inv000");
INSERT INTO Subscriptions (trialcode, login, role, investigatorlogin) values ("tri006","Pat102","patient","Inv013");
INSERT INTO Subscriptions (trialcode, login, role, investigatorlogin) values ("tri016","Pat103","patient","Inv009");
INSERT INTO Subscriptions (trialcode, login, role, investigatorlogin) values ("tri013","Pat104","patient","Inv012");
INSERT INTO Subscriptions (trialcode, login, role, investigatorlogin) values ("tri004","Pat105","patient","Inv018");
INSERT INTO Subscriptions (trialcode, login, role, investigatorlogin) values ("tri006","Pat106","patient","Inv017");



INSERT INTO Subscriptions (trialcode, login, role, investigatorlogin) values ("tri020","Pat110","patient","Inv010");
INSERT INTO Subscriptions (trialcode, login, role, investigatorlogin) values ("tri016","Pat111","patient","Inv016");
INSERT INTO Subscriptions (trialcode, login, role, investigatorlogin) values ("tri002","Pat112","patient","Inv006");
INSERT INTO Subscriptions (trialcode, login, role, investigatorlogin) values ("tri013","Pat113","patient","Inv012");
INSERT INTO Subscriptions (trialcode, login, role, investigatorlogin) values ("tri000","Pat114","patient","Inv014");
INSERT INTO Subscriptions (trialcode, login, role, investigatorlogin) values ("tri015","Pat115","patient","Inv005");


INSERT INTO Subscriptions (trialcode, login, role, investigatorlogin) values ("tri007","Pat118","patient","Inv002");

INSERT INTO Subscriptions (trialcode, login, role, investigatorlogin) values ("tri011","Pat120","patient","Inv013");
INSERT INTO Subscriptions (trialcode, login, role, investigatorlogin) values ("tri000","Pat121","patient","Inv004");
INSERT INTO Subscriptions (trialcode, login, role, investigatorlogin) values ("tri004","Pat122","patient","Inv018");

INSERT INTO Subscriptions (trialcode, login, role, investigatorlogin) values ("tri004","Pat124","patient","Inv003");
INSERT INTO Subscriptions (trialcode, login, role, investigatorlogin) values ("tri011","Pat125","patient","Inv013");
INSERT INTO Subscriptions (trialcode, login, role, investigatorlogin) values ("tri020","Pat126","patient","Inv010");
INSERT INTO Subscriptions (trialcode, login, role, investigatorlogin) values ("tri009","Pat127","patient","Inv006");
INSERT INTO Subscriptions (trialcode, login, role, investigatorlogin) values ("tri014","Pat128","patient","Inv002");
INSERT INTO Subscriptions (trialcode, login, role, investigatorlogin) values ("tri010","Pat129","patient","Inv012");
INSERT INTO Subscriptions (trialcode, login, role, investigatorlogin) values ("tri012","Pat130","patient","Inv008");
INSERT INTO Subscriptions (trialcode, login, role, investigatorlogin) values ("tri016","Pat131","patient","Inv008");

INSERT INTO Subscriptions (trialcode, login, role, investigatorlogin) values ("tri017","Pat133","patient","Inv006");
INSERT INTO Subscriptions (trialcode, login, role, investigatorlogin) values ("tri018","Pat134","patient","Inv016");

INSERT INTO Subscriptions (trialcode, login, role, investigatorlogin) values ("tri002","Pat136","patient","Inv002");
INSERT INTO Subscriptions (trialcode, login, role, investigatorlogin) values ("tri010","Pat137","patient","Inv016");

INSERT INTO Subscriptions (trialcode, login, role, investigatorlogin) values ("tri018","Pat139","patient","Inv008");


INSERT INTO Subscriptions (trialcode, login, role, investigatorlogin) values ("tri017","Pat142","patient","Inv006");
INSERT INTO Subscriptions (trialcode, login, role, investigatorlogin) values ("tri009","Pat143","patient","Inv001");

INSERT INTO Subscriptions (trialcode, login, role, investigatorlogin) values ("tri014","Pat145","patient","Inv002");
INSERT INTO Subscriptions (trialcode, login, role, investigatorlogin) values ("tri000","Pat146","patient","Inv014");
INSERT INTO Subscriptions (trialcode, login, role, investigatorlogin) values ("tri009","Pat147","patient","Inv006");
INSERT INTO Subscriptions (trialcode, login, role, investigatorlogin) values ("tri003","Pat148","patient","Inv001");

INSERT INTO Subscriptions (trialcode, login, role, investigatorlogin) values ("tri009","Pat150","patient","Inv015");

INSERT INTO Subscriptions (trialcode, login, role, investigatorlogin) values ("tri012","Pat152","patient","Inv008");



INSERT INTO Subscriptions (trialcode, login, role, investigatorlogin) values ("tri014","Pat156","patient","Inv020");
INSERT INTO Subscriptions (trialcode, login, role, investigatorlogin) values ("tri010","Pat157","patient","Inv016");

INSERT INTO Subscriptions (trialcode, login, role, investigatorlogin) values ("tri000","Pat159","patient","Inv004");
INSERT INTO Subscriptions (trialcode, login, role, investigatorlogin) values ("tri009","Pat160","patient","Inv017");
INSERT INTO Subscriptions (trialcode, login, role, investigatorlogin) values ("tri017","Pat161","patient","Inv006");
INSERT INTO Subscriptions (trialcode, login, role, investigatorlogin) values ("tri012","Pat162","patient","Inv008");
INSERT INTO Subscriptions (trialcode, login, role, investigatorlogin) values ("tri020","Pat163","patient","Inv020");
INSERT INTO Subscriptions (trialcode, login, role, investigatorlogin) values ("tri006","Pat164","patient","Inv017");
INSERT INTO Subscriptions (trialcode, login, role, investigatorlogin) values ("tri016","Pat165","patient","Inv016");
INSERT INTO Subscriptions (trialcode, login, role, investigatorlogin) values ("tri016","Pat166","patient","Inv008");

INSERT INTO Subscriptions (trialcode, login, role, investigatorlogin) values ("tri017","Pat168","patient","Inv006");
INSERT INTO Subscriptions (trialcode, login, role, investigatorlogin) values ("tri013","Pat169","patient","Inv012");

INSERT INTO Subscriptions (trialcode, login, role, investigatorlogin) values ("tri001","Pat171","patient","Inv008");
INSERT INTO Subscriptions (trialcode, login, role, investigatorlogin) values ("tri000","Pat172","patient","Inv014");
INSERT INTO Subscriptions (trialcode, login, role, investigatorlogin) values ("tri003","Pat173","patient","Inv015");

INSERT INTO Subscriptions (trialcode, login, role, investigatorlogin) values ("tri009","Pat175","patient","Inv017");
INSERT INTO Subscriptions (trialcode, login, role, investigatorlogin) values ("tri018","Pat176","patient","Inv008");
INSERT INTO Subscriptions (trialcode, login, role, investigatorlogin) values ("tri019","Pat177","patient","Inv013");
INSERT INTO Subscriptions (trialcode, login, role, investigatorlogin) values ("tri000","Pat178","patient","Inv014");
INSERT INTO Subscriptions (trialcode, login, role, investigatorlogin) values ("tri020","Pat179","patient","Inv020");
INSERT INTO Subscriptions (trialcode, login, role, investigatorlogin) values ("tri010","Pat180","patient","Inv019");
INSERT INTO Subscriptions (trialcode, login, role, investigatorlogin) values ("tri014","Pat181","patient","Inv005");
INSERT INTO Subscriptions (trialcode, login, role, investigatorlogin) values ("tri015","Pat182","patient","Inv003");

INSERT INTO Subscriptions (trialcode, login, role, investigatorlogin) values ("tri017","Pat184","patient","Inv006");
INSERT INTO Subscriptions (trialcode, login, role, investigatorlogin) values ("tri018","Pat185","patient","Inv001");
INSERT INTO Subscriptions (trialcode, login, role, investigatorlogin) values ("tri008","Pat186","patient","Inv016");
INSERT INTO Subscriptions (trialcode, login, role, investigatorlogin) values ("tri002","Pat187","patient","Inv007");

INSERT INTO Subscriptions (trialcode, login, role, investigatorlogin) values ("tri015","Pat189","patient","Inv012");
INSERT INTO Subscriptions (trialcode, login, role, investigatorlogin) values ("tri015","Pat190","patient","Inv000");
INSERT INTO Subscriptions (trialcode, login, role, investigatorlogin) values ("tri008","Pat191","patient","Inv002");
INSERT INTO Subscriptions (trialcode, login, role, investigatorlogin) values ("tri002","Pat192","patient","Inv010");
INSERT INTO Subscriptions (trialcode, login, role, investigatorlogin) values ("tri014","Pat193","patient","Inv020");
INSERT INTO Subscriptions (trialcode, login, role, investigatorlogin) values ("tri002","Pat194","patient","Inv008");

INSERT INTO Subscriptions (trialcode, login, role, investigatorlogin) values ("tri010","Pat196","patient","Inv016");

INSERT INTO Subscriptions (trialcode, login, role, investigatorlogin) values ("tri016","Pat198","patient","Inv008");
INSERT INTO Subscriptions (trialcode, login, role, investigatorlogin) values ("tri014","Pat199","patient","Inv002");
INSERT INTO Subscriptions (trialcode, login, role, investigatorlogin) values ("tri001","Pat200","patient","Inv008");
INSERT INTO Subscriptions (trialcode, login, role, investigatorlogin) values ("tri000","Pat201","patient","Inv016");
INSERT INTO Subscriptions (trialcode, login, role, investigatorlogin) values ("tri001","Pat202","patient","Inv005");
INSERT INTO Subscriptions (trialcode, login, role, investigatorlogin) values ("tri007","Pat203","patient","Inv009");
INSERT INTO Subscriptions (trialcode, login, role, investigatorlogin) values ("tri005","Pat204","patient","Inv002");
INSERT INTO Subscriptions (trialcode, login, role, investigatorlogin) values ("tri001","Pat205","patient","Inv007");
INSERT INTO Subscriptions (trialcode, login, role, investigatorlogin) values ("tri010","Pat206","patient","Inv016");
INSERT INTO Subscriptions (trialcode, login, role, investigatorlogin) values ("tri002","Pat207","patient","Inv009");
INSERT INTO Subscriptions (trialcode, login, role, investigatorlogin) values ("tri004","Pat208","patient","Inv010");

INSERT INTO Subscriptions (trialcode, login, role, investigatorlogin) values ("tri020","Pat210","patient","Inv020");
INSERT INTO Subscriptions (trialcode, login, role, investigatorlogin) values ("tri010","Pat211","patient","Inv011");
INSERT INTO Subscriptions (trialcode, login, role, investigatorlogin) values ("tri008","Pat212","patient","Inv003");

INSERT INTO Subscriptions (trialcode, login, role, investigatorlogin) values ("tri017","Pat214","patient","Inv006");
INSERT INTO Subscriptions (trialcode, login, role, investigatorlogin) values ("tri017","Pat215","patient","Inv006");
INSERT INTO Subscriptions (trialcode, login, role, investigatorlogin) values ("tri002","Pat216","patient","Inv009");
INSERT INTO Subscriptions (trialcode, login, role, investigatorlogin) values ("tri016","Pat217","patient","Inv008");

INSERT INTO Subscriptions (trialcode, login, role, investigatorlogin) values ("tri013","Pat219","patient","Inv013");
INSERT INTO Subscriptions (trialcode, login, role, investigatorlogin) values ("tri012","Pat220","patient","Inv008");

INSERT INTO Subscriptions (trialcode, login, role, investigatorlogin) values ("tri008","Pat222","patient","Inv010");
INSERT INTO Subscriptions (trialcode, login, role, investigatorlogin) values ("tri020","Pat223","patient","Inv010");
INSERT INTO Subscriptions (trialcode, login, role, investigatorlogin) values ("tri007","Pat224","patient","Inv016");




INSERT INTO Subscriptions (trialcode, login, role, investigatorlogin) values ("tri010","Pat229","patient","Inv018");
INSERT INTO Subscriptions (trialcode, login, role, investigatorlogin) values ("tri001","Pat230","patient","Inv000");